<?xml version="1.0" encoding="utf-8"?>
<feed xmlns="http://www.w3.org/2005/Atom" xml:lang="en">
<title type="text">Kabir Sewani</title>
<subtitle type="text">A beautiful theme.</subtitle>
<generator uri="https://github.com/mojombo/jekyll">Jekyll</generator>
<link rel="self" type="application/atom+xml" href="http://kabirsewani.com/feed.xml" />
<link rel="alternate" type="text/html" href="http://kabirsewani.com" />
<updated>2013-10-16T16:13:07+01:00</updated>
<id>http://kabirsewani.com/</id>
<author>
  <name>Kabir Sewani</name>
  <uri>http://kabirsewani.com/</uri>
  <email>kabir.sewani@gmail.com</email>
</author>


<entry>
  <title type="html"><![CDATA[A Clean, Well-Lighted Place]]></title>
  <link rel="alternate" type="text/html" href="http://kabirsewani.com/articles/post-with-feature" />
  <id>http://kabirsewani.com/articles/post-with-feature</id>
  <published>2013-08-05T00:00:00+01:00</published>
  <updated>2013-08-05T00:00:00+01:00</updated>
  <author>
    <name>Kabir Sewani</name>
    <uri>http://kabirsewani.com</uri>
    <email>kabir.sewani@gmail.com</email>
  </author>
  <content type="html">&lt;p&gt;Lorem ipsum dolor sit amet, consectetur adipiscing elit. Fusce at gravida diam. Proin quis fermentum turpis. Mauris tristique rhoncus purus eget dapibus. Lorem ipsum dolor sit amet, consectetur adipiscing elit. Pellentesque vulputate elit non felis placerat faucibus. Pellentesque dictum, lectus in sodales interdum, diam purus pharetra urna, ut ultricies magna nunc eu quam. Sed nulla mauris, luctus ac tortor in, euismod rhoncus ante.&lt;/p&gt;

&lt;p&gt;Aliquam ultrices sapien et nisl suscipit blandit. Praesent fringilla velit eu ligula ullamcorper, ac dignissim metus bibendum. Curabitur ac tortor vitae arcu venenatis pharetra suscipit vel nulla. &lt;/p&gt;

&lt;blockquote&gt;
  &lt;p&gt;Pellentesque ullamcorper hendrerit metus ac pretium. Pellentesque condimentum, leo non euismod vulputate, tellus est tempor massa, et mollis &amp;gt; mauris dui eu dolor. &lt;/p&gt;
&lt;/blockquote&gt;

&lt;p&gt;Aenean in nibh ut orci vulputate tristique et id augue. Proin vestibulum justo ac enim sollicitudin, ut aliquam mauris malesuada.&lt;/p&gt;

&lt;p&gt;Quisque sed malesuada eros. Praesent quis orci eget lorem lacinia convallis eget ut est. In non nisl in urna vulputate posuere at ut tortor. Curabitur at mauris nibh. Ut dictum urna posuere ante pulvinar gravida. Cras sed pharetra eros, vitae feugiat dolor. Morbi tempus metus malesuada dignissim rutrum.&lt;/p&gt;

  &lt;p&gt;&lt;a href=&quot;http://kabirsewani.com/articles/post-with-feature&quot;&gt;A Clean, Well-Lighted Place&lt;/a&gt; was originally published by Kabir Sewani at &lt;a href=&quot;http://kabirsewani.com&quot;&gt;Kabir Sewani&lt;/a&gt; on August 05, 2013.&lt;/p&gt;</content>
</entry>

</feed>